id;contract_name;start_date;end_date
1;brr;2024-06-03T08:33:34;2024-06-03T15:51:58
2;fuzzy thesis overrate;2024-06-03T10:54:57;2024-06-03T16:04:21
3;rhapsodize;2024-06-03T11:05:11;2024-06-03T20:14:32
4;say wherever;2024-06-03T11:20:10;2024-06-03T17:36:54
5;triumphantly up;2024-06-03T07:19:18;2024-06-03T16:51:14
6;when round;2024-06-04T00:39:54;2024-06-03T02:58:26
7;span indeed;2024-06-03T13:09:04;2024-06-03T20:33:45
8;indeed before appraise;2024-06-03T06:49:35;2024-06-03T20:42:48
9;evolution qua;2024-06-03T02:43:15;2024-06-04T00:29:32
10;mmm slide;2024-06-03T20:05:54;2024-06-04T01:35:49
